                  epoch,         train/box_loss,        train/pose_loss,        train/kobj_loss,         train/cls_loss,         train/dfl_loss,   metrics/precision(B),      metrics/recall(B),       metrics/mAP50(B),    metrics/mAP50-95(B),   metrics/precision(P),      metrics/recall(P),       metrics/mAP50(P),    metrics/mAP50-95(P),           val/box_loss,          val/pose_loss,          val/kobj_loss,           val/cls_loss,           val/dfl_loss,                 lr/pg0,                 lr/pg1,                 lr/pg2
                      1,                 1.3165,                 8.6775,                0.67985,                 2.6924,                 1.5323,                0.54455,                 0.5509,                0.49115,                  0.307,                0.00646,                0.01078,                0.00114,                0.00011,                 1.2371,                 7.6505,                0.39811,                 2.0749,                 1.6529,             0.00033062,             0.00033062,             0.00033062
                      2,                 1.3756,                 7.5347,                0.64298,                 2.1337,                 1.5512,                 0.4201,                0.57045,                0.49067,                0.27983,                0.00533,                0.00855,                0.00031,                  3e-05,                  1.413,                 7.4763,                0.34903,                 2.1023,                 1.8164,             0.00065738,             0.00065738,             0.00065738
                      3,                 1.4594,                   7.26,                0.62205,                 2.0454,                 1.5998,                0.37051,                0.68786,                0.50268,                0.27868,                0.18457,                0.02382,                0.00295,                0.00033,                 1.5685,                 6.9465,                0.36864,                 1.8821,                 1.9537,             0.00097754,             0.00097754,             0.00097754
                      4,                 1.4668,                 7.0816,                 0.5984,                 1.9072,                 1.6069,                0.50439,                0.43069,                0.43052,                0.22751,                0.20218,                0.03216,                0.00699,                0.00091,                  1.634,                 6.9358,                0.37259,                 2.0526,                 2.0524,              0.0009703,              0.0009703,              0.0009703
                      5,                 1.4722,                 6.9888,                0.58728,                 1.8737,                 1.5991,                0.60704,                0.47931,                0.50957,                0.28191,                0.23484,                0.05411,                 0.0196,                0.00226,                 1.4513,                 6.8491,                0.34742,                 1.6385,                 1.7989,              0.0009604,              0.0009604,              0.0009604
                      6,                 1.4553,                 6.8819,                0.57354,                 1.8122,                 1.5938,                0.57084,                0.49088,                0.50464,                0.27923,                0.20343,                0.06281,                0.01131,                0.00142,                 1.4774,                 6.8675,                0.30839,                 1.7466,                 1.8705,              0.0009505,              0.0009505,              0.0009505
                      7,                 1.4379,                  6.737,                 0.5532,                 1.7929,                  1.579,                0.60432,                0.58828,                 0.5604,                0.33185,                0.20854,                0.05176,                0.01343,                0.00159,                 1.4125,                 6.7289,                 0.3282,                 1.5344,                 1.7492,              0.0009406,              0.0009406,              0.0009406
                      8,                 1.4053,                 6.5346,                 0.5395,                 1.7287,                 1.5548,                0.53614,                0.60101,                0.58971,                0.35018,                0.24755,                0.08925,                0.03038,                0.00461,                 1.3572,                   6.58,                0.26466,                 1.4103,                 1.7359,              0.0009307,              0.0009307,              0.0009307
                      9,                 1.4088,                 6.5776,                0.52077,                  1.722,                  1.543,                0.45839,                0.68237,                0.59318,                0.35816,                0.05752,                0.10799,                0.03317,                0.00509,                 1.3948,                  6.445,                 0.2929,                 1.5084,                 1.7603,              0.0009208,              0.0009208,              0.0009208
                     10,                 1.3941,                 6.5268,                0.51167,                 1.6948,                 1.5536,                0.44315,                0.71315,                0.58456,                0.34765,                0.25397,                0.09086,                0.03039,                0.00383,                 1.4126,                 6.4889,                0.32246,                 1.4546,                  1.761,              0.0009109,              0.0009109,              0.0009109
                     11,                 1.3817,                 6.4197,                0.49334,                 1.6408,                 1.5392,                 0.5041,                0.73093,                0.65671,                0.39475,                0.27169,                 0.1099,                0.04506,                 0.0064,                 1.3541,                 6.3827,                0.22953,                 1.3186,                 1.7239,               0.000901,               0.000901,               0.000901
                     12,                 1.3801,                 6.3964,                0.47339,                  1.606,                 1.5344,                0.49718,                0.70196,                 0.6231,                0.36956,                0.10699,                0.12392,                0.05123,                0.00711,                 1.3562,                 6.2842,                0.24325,                 1.2889,                 1.7101,              0.0008911,              0.0008911,              0.0008911
                     13,                 1.3536,                 6.2611,                0.47483,                 1.5936,                 1.5211,                0.63192,                0.60783,                0.58493,                0.34169,                0.25469,                0.12822,                0.04254,                0.00573,                 1.3735,                 6.3301,                0.27502,                 1.4105,                 1.7658,              0.0008812,              0.0008812,              0.0008812
                     14,                  1.351,                 6.2104,                0.46763,                  1.548,                 1.5113,                 0.3949,                0.76153,                0.56725,                0.34016,                0.10815,                0.14093,                0.05622,                0.01014,                 1.3633,                 6.3012,                0.22395,                 1.4217,                 1.7118,              0.0008713,              0.0008713,              0.0008713
                     15,                 1.3424,                 6.1773,                0.46309,                 1.5596,                 1.5224,                 0.5351,                 0.6602,                0.64243,                0.39318,                0.27148,                0.09354,                0.04151,                0.00701,                 1.3169,                 6.3295,                0.21824,                 1.3383,                 1.6834,              0.0008614,              0.0008614,              0.0008614
                     16,                 1.3106,                  6.132,                0.45671,                 1.4974,                  1.486,                0.55853,                0.59523,                0.64946,                0.41874,                 0.1681,                0.13752,                0.08122,                0.01188,                 1.2682,                 6.0825,                0.23007,                 1.2509,                 1.6391,              0.0008515,              0.0008515,              0.0008515
                     17,                 1.2879,                 6.1214,                0.45815,                 1.4631,                 1.4686,                0.48422,                0.74472,                0.66437,                0.43047,                0.12923,                0.17013,                0.08264,                0.01395,                 1.2643,                 6.0611,                0.21075,                 1.3057,                 1.6335,              0.0008416,              0.0008416,              0.0008416
                     18,                 1.3085,                 6.0739,                0.44577,                 1.4717,                 1.4865,                0.65982,                0.64573,                0.68352,                0.42066,                0.32587,                0.17492,                0.09246,                0.01632,                 1.3262,                 6.0749,                0.21878,                 1.2727,                 1.6686,              0.0008317,              0.0008317,              0.0008317
                     19,                 1.3113,                 6.0139,                0.45036,                 1.4636,                 1.4901,                0.68883,                0.67553,                0.70099,                0.44499,                0.20251,                0.20812,                0.11992,                0.02012,                 1.2911,                 6.0223,                0.23687,                 1.2022,                  1.638,              0.0008218,              0.0008218,              0.0008218
                     20,                 1.2948,                 5.9304,                0.44133,                 1.4363,                 1.4637,                0.59605,                0.74429,                0.72498,                0.44494,                0.22209,                0.21261,                0.12215,                0.02212,                 1.3462,                 5.8872,                0.21266,                 1.1614,                 1.6727,              0.0008119,              0.0008119,              0.0008119
                     21,                 1.2984,                 5.9543,                0.43345,                 1.3969,                 1.4833,                0.60967,                0.73279,                0.70275,                0.44917,                0.15396,                0.20775,                0.07708,                0.01203,                  1.295,                 5.9754,                0.20185,                 1.1469,                 1.6528,               0.000802,               0.000802,               0.000802
                     22,                 1.2947,                 5.9809,                0.44109,                   1.43,                 1.4744,                0.50985,                0.68744,                0.60065,                0.37491,                0.12645,                0.14976,                0.06519,                0.01079,                 1.3567,                 6.1486,                0.21966,                  1.334,                 1.7043,              0.0007921,              0.0007921,              0.0007921
                     23,                 1.2814,                 5.8878,                0.43531,                 1.4022,                 1.4655,                0.63937,                0.76113,                0.74844,                0.48277,                0.15042,                0.16532,                0.08999,                0.01313,                 1.2312,                 5.9278,                0.20009,                 1.1052,                 1.5991,              0.0007822,              0.0007822,              0.0007822
                     24,                 1.2565,                 5.8866,                0.43758,                 1.3582,                 1.4496,                0.70973,                0.67192,                0.74854,                0.48219,                0.17721,                0.19687,                 0.1016,                0.01767,                 1.2732,                 5.8527,                0.21469,                 1.1149,                 1.6327,              0.0007723,              0.0007723,              0.0007723
                     25,                 1.2474,                 5.8163,                0.43417,                 1.3293,                 1.4338,                 0.5988,                0.72711,                0.70221,                0.44636,                0.22626,                0.22238,                0.12582,                0.02154,                 1.2603,                 5.9103,                0.18909,                 1.1653,                 1.6082,              0.0007624,              0.0007624,              0.0007624
                     26,                   1.25,                 5.8123,                0.42847,                 1.3447,                 1.4443,                0.59794,                0.61017,                 0.6293,                0.40303,                0.18416,                0.20717,                  0.102,                0.01785,                 1.2827,                 6.0834,                0.19124,                 1.3618,                 1.6135,              0.0007525,              0.0007525,              0.0007525
                     27,                 1.2594,                 5.7548,                0.43707,                 1.3254,                 1.4475,                0.54933,                0.75525,                0.68667,                0.44121,                  0.211,                0.19409,                0.10502,                0.01821,                 1.2609,                 5.9075,                0.19644,                 1.1269,                 1.6033,              0.0007426,              0.0007426,              0.0007426
                     28,                 1.2397,                 5.7785,                0.43068,                   1.31,                 1.4272,                0.60739,                0.72144,                0.66833,                0.42453,                0.19951,                0.26049,                0.12972,                0.02165,                 1.2525,                 5.8589,                0.19199,                 1.2123,                 1.6051,              0.0007327,              0.0007327,              0.0007327
                     29,                 1.2397,                  5.641,                 0.4281,                 1.3156,                 1.4332,                  0.686,                0.70918,                  0.737,                0.43609,                0.23887,                0.25547,                0.12776,                0.02044,                  1.404,                 5.7648,                0.20782,                 1.2006,                 1.7279,              0.0007228,              0.0007228,              0.0007228
                     30,                 1.2542,                 5.6224,                0.42482,                 1.2976,                 1.4319,                0.70844,                0.75065,                0.77417,                0.50089,                0.25502,                0.26377,                0.13514,                0.02117,                 1.2303,                 5.7351,                0.20028,                 1.0558,                 1.5842,              0.0007129,              0.0007129,              0.0007129
                     31,                 1.2273,                 5.7026,                0.41844,                 1.2743,                 1.4225,                0.62893,                0.66392,                0.66439,                0.42258,                0.23541,                0.24374,                0.12315,                0.02381,                 1.2788,                 5.8277,                0.20788,                 1.2045,                 1.5985,               0.000703,               0.000703,               0.000703
                     32,                 1.2067,                 5.5945,                0.42497,                 1.2552,                  1.407,                0.74871,                0.63501,                0.68612,                0.42597,                0.40641,                   0.25,                0.14299,                0.02744,                 1.2665,                 5.9556,                0.20909,                 1.2832,                 1.6286,              0.0006931,              0.0006931,              0.0006931
                     33,                 1.2253,                 5.5159,                0.42189,                 1.2413,                 1.4274,                0.63944,                0.66239,                0.65592,                0.41839,                0.21186,                0.24708,                0.11741,                0.01989,                 1.2577,                 5.9578,                0.20552,                 1.2737,                 1.5935,              0.0006832,              0.0006832,              0.0006832
                     34,                 1.2263,                 5.4851,                0.41694,                 1.2708,                 1.4311,                0.60345,                0.72784,                0.68321,                0.43245,                0.19587,                0.25618,                0.11858,                0.02213,                 1.2843,                 5.9137,                 0.1935,                 1.2098,                 1.6259,              0.0006733,              0.0006733,              0.0006733
                     35,                 1.2162,                  5.469,                0.41724,                 1.2382,                 1.4096,                0.72225,                0.74297,                0.75235,                0.50274,                0.24029,                0.30553,                0.15491,                0.03299,                 1.2029,                  5.656,                0.18838,                 1.0205,                 1.5765,              0.0006634,              0.0006634,              0.0006634
                     36,                 1.2123,                 5.4242,                0.41234,                 1.2385,                 1.4154,                0.64903,                0.70254,                 0.7124,                 0.4733,                0.24946,                0.29243,                0.17206,                0.03199,                 1.1855,                 5.8271,                0.19953,                 1.1121,                 1.5469,              0.0006535,              0.0006535,              0.0006535
                     37,                 1.2008,                 5.3767,                0.41366,                 1.1967,                 1.4051,                0.55581,                0.75191,                0.70483,                0.47063,                0.21649,                  0.248,                0.14391,                0.02856,                 1.2198,                 5.6694,                0.19126,                 1.1727,                 1.5711,              0.0006436,              0.0006436,              0.0006436
                     38,                 1.1874,                 5.4538,                0.41077,                 1.2133,                 1.3898,                0.63835,                0.74764,                0.73847,                0.48455,                0.24604,                0.26606,                0.13863,                 0.0306,                 1.2296,                 5.7449,                0.19254,                 1.0763,                 1.5682,              0.0006337,              0.0006337,              0.0006337
                     39,                 1.1967,                 5.4512,                0.41432,                 1.2235,                 1.4013,                0.63873,                0.71743,                0.67076,                0.43189,                  0.352,                0.32074,                0.19008,                0.03474,                  1.248,                 5.7477,                 0.1796,                 1.1839,                 1.5802,              0.0006238,              0.0006238,              0.0006238
                     40,                 1.1904,                 5.4297,                0.41435,                 1.2079,                 1.3905,                0.68239,                0.72375,                0.74237,                0.47559,                 0.2422,                 0.3015,                0.17483,                0.03263,                 1.2518,                 5.7943,                0.18221,                 1.0997,                 1.5876,              0.0006139,              0.0006139,              0.0006139
                     41,                 1.1796,                 5.3803,                0.41993,                 1.2012,                 1.3942,                0.67505,                0.61935,                0.70829,                0.45691,                0.30411,                0.28416,                0.16879,                0.03188,                 1.2378,                 5.6928,                0.18271,                 1.1201,                 1.5882,               0.000604,               0.000604,               0.000604
                     42,                 1.1943,                 5.3163,                0.41451,                 1.1807,                 1.3926,                 0.6538,                0.72567,                0.74232,                0.48825,                0.24921,                0.30685,                0.17887,                0.03527,                 1.2292,                 5.5708,                0.18618,                 1.0751,                 1.5643,              0.0005941,              0.0005941,              0.0005941
                     43,                 1.1649,                 5.2766,                0.40751,                 1.1535,                 1.3688,                0.65227,                0.70376,                0.71679,                0.45379,                0.28467,                0.28444,                0.17629,                0.03508,                 1.2643,                 5.7106,                0.19378,                 1.1372,                  1.603,              0.0005842,              0.0005842,              0.0005842
                     44,                 1.1627,                 5.2883,                0.40288,                 1.1584,                 1.3741,                0.70704,                0.70653,                0.74582,                0.47244,                0.28263,                0.30328,                 0.1699,                0.03335,                 1.2629,                 5.6742,                0.19414,                 1.0222,                 1.6135,              0.0005743,              0.0005743,              0.0005743
                     45,                 1.1829,                 5.1618,                0.39855,                 1.1638,                 1.3833,                0.63766,                0.74467,                0.70919,                0.45393,                 0.2898,                0.30711,                0.16906,                0.03068,                  1.261,                 5.7123,                0.18334,                  1.168,                  1.601,              0.0005644,              0.0005644,              0.0005644
                     46,                 1.1642,                 5.2797,                0.40597,                 1.1454,                 1.3779,                0.65147,                0.73893,                0.73261,                0.47044,                   0.29,                0.29543,                0.17861,                0.03094,                 1.2373,                  5.684,                0.18916,                 1.1294,                 1.5701,              0.0005545,              0.0005545,              0.0005545
                     47,                 1.1879,                 5.2417,                0.41258,                 1.1705,                 1.3882,                0.65034,                0.79075,                0.76094,                0.50398,                 0.2569,                0.35027,                0.16069,                0.03226,                  1.225,                 5.6149,                0.20782,                 1.0409,                 1.5551,              0.0005446,              0.0005446,              0.0005446
                     48,                 1.1506,                 5.1645,                0.40958,                 1.1132,                 1.3757,                0.69349,                0.75061,                0.74724,                0.48822,                0.29233,                0.33536,                0.17731,                0.03358,                 1.2077,                  5.639,                0.19353,                 1.0301,                  1.561,              0.0005347,              0.0005347,              0.0005347
                     49,                 1.1512,                  5.146,                0.40633,                 1.1297,                 1.3596,                0.66926,                0.75335,                0.71539,                0.46837,                0.29038,                0.36299,                0.19241,                0.03723,                 1.2108,                 5.7046,                0.20614,                 1.1449,                 1.5547,              0.0005248,              0.0005248,              0.0005248
                     50,                  1.147,                 5.0735,                0.40794,                 1.1139,                 1.3636,                0.65751,                 0.7849,                0.77765,                0.52237,                0.33716,                0.31693,                0.20146,                0.03921,                 1.1987,                 5.3836,                0.19711,                0.95665,                 1.5435,              0.0005149,              0.0005149,              0.0005149
                     51,                 1.1555,                 5.0088,                0.40122,                 1.0886,                 1.3709,                0.61918,                0.78622,                0.73944,                0.48598,                0.27701,                0.32568,                0.18667,                0.03315,                 1.2278,                 5.4628,                0.18898,                  1.053,                 1.5636,               0.000505,               0.000505,               0.000505
                     52,                 1.1312,                 5.0112,                0.40496,                 1.0945,                 1.3585,                0.67684,                0.71105,                0.72631,                 0.4773,                0.34334,                0.35436,                0.21841,                0.03869,                 1.2083,                 5.6144,                0.18736,                 1.0722,                 1.5573,              0.0004951,              0.0004951,              0.0004951
                     53,                 1.1273,                 5.0675,                0.39872,                 1.0971,                 1.3491,                0.69878,                0.74281,                0.74689,                0.50254,                0.31107,                0.34706,                 0.1809,                0.03549,                 1.1704,                 5.4727,                0.18701,                 1.0513,                 1.5299,              0.0004852,              0.0004852,              0.0004852
                     54,                 1.1352,                  5.068,                0.40567,                 1.0917,                  1.367,                0.67773,                0.71832,                0.71653,                 0.4824,                0.34069,                0.35174,                0.20114,                0.04068,                 1.1885,                 5.5231,                0.19249,                 1.1063,                 1.5417,              0.0004753,              0.0004753,              0.0004753
                     55,                 1.1424,                 5.0206,                0.40161,                 1.1219,                 1.3803,                0.71237,                0.69308,                0.74151,                0.49481,                0.33259,                0.31904,                0.18542,                0.03349,                 1.2085,                 5.4502,                0.18069,                 1.0456,                 1.5474,              0.0004654,              0.0004654,              0.0004654
                     56,                 1.1174,                 4.9592,                0.39824,                 1.0605,                 1.3445,                 0.7495,                0.67088,                0.75172,                0.50139,                0.39603,                0.37242,                0.24134,                0.04151,                 1.1838,                 5.4484,                0.18362,                 1.0182,                 1.5366,              0.0004555,              0.0004555,              0.0004555
                     57,                 1.1262,                 4.9684,                0.39834,                 1.0688,                 1.3509,                0.68402,                0.81459,                 0.7873,                0.52615,                0.34741,                0.41454,                0.24686,                0.04208,                 1.1691,                  5.254,                0.17238,                0.97364,                  1.518,              0.0004456,              0.0004456,              0.0004456
                     58,                 1.1091,                 4.9493,                0.39689,                 1.0295,                 1.3446,                0.68034,                0.76729,                0.76387,                0.51332,                 0.4467,                0.36458,                0.25647,                0.04918,                 1.1624,                 5.3605,                 0.1815,                 1.0685,                 1.5156,              0.0004357,              0.0004357,              0.0004357
                     59,                 1.1324,                  4.857,                0.39908,                 1.0782,                 1.3536,                0.65773,                0.71895,                0.71539,                0.47067,                0.29364,                0.38674,                0.21485,                0.04244,                  1.195,                 5.4693,                0.18191,                 1.1139,                 1.5509,              0.0004258,              0.0004258,              0.0004258
                     60,                 1.1089,                 4.8306,                0.38971,                 1.0467,                 1.3549,                0.74251,                0.72778,                0.77849,                0.52098,                0.39747,                0.34999,                0.25519,                0.04862,                 1.1891,                 5.3674,                0.17724,                0.95484,                 1.5426,              0.0004159,              0.0004159,              0.0004159
                     61,                 1.1001,                 4.9161,                0.40069,                 1.0338,                 1.3522,                0.75272,                0.70752,                0.75086,                0.50734,                0.40216,                0.39125,                0.25741,                0.05525,                 1.1705,                  5.373,                0.17843,                0.99781,                 1.5235,               0.000406,               0.000406,               0.000406
                     62,                 1.1017,                 4.8325,                0.39354,                 1.0447,                 1.3388,                0.74626,                0.74177,                0.75328,                0.50321,                  0.398,                0.42059,                0.26466,                0.04993,                 1.1826,                 5.3951,                0.17935,                 1.0272,                 1.5254,              0.0003961,              0.0003961,              0.0003961
                     63,                 1.0996,                  4.865,                0.39458,                 1.0219,                 1.3358,                0.68554,                0.75836,                0.74687,                0.49395,                 0.4601,                0.40125,                0.27839,                0.05763,                 1.1907,                 5.2968,                0.17655,                 1.0122,                 1.5313,              0.0003862,              0.0003862,              0.0003862
                     64,                 1.0928,                 4.7812,                0.39297,                 1.0522,                 1.3428,                0.71589,                0.76004,                0.75166,                0.49432,                0.36932,                 0.4199,                0.25775,                0.04732,                 1.1914,                  5.379,                0.18435,                 1.0087,                 1.5383,              0.0003763,              0.0003763,              0.0003763
                     65,                 1.0807,                 4.8128,                0.39403,                0.99304,                 1.3259,                0.71476,                0.75268,                 0.7426,                0.48842,                0.39192,                0.40527,                0.26208,                0.05167,                 1.1932,                 5.4282,                0.18007,                 1.0434,                 1.5391,              0.0003664,              0.0003664,              0.0003664
                     66,                 1.0878,                 4.7975,                0.39279,                 1.0116,                 1.3296,                0.67802,                0.74426,                0.74068,                0.49844,                0.37892,                0.36078,                0.22907,                0.04536,                 1.1722,                 5.3569,                0.18253,                 1.0245,                 1.5225,              0.0003565,              0.0003565,              0.0003565
                     67,                 1.0825,                 4.7889,                0.39243,                 0.9957,                 1.3278,                0.73402,                0.70059,                0.75092,                0.50369,                0.38192,                0.37963,                0.24684,                 0.0506,                 1.1897,                 5.4687,                0.17525,                 1.0556,                 1.5458,              0.0003466,              0.0003466,              0.0003466
                     68,                 1.0884,                  4.742,                0.39264,                 0.9868,                 1.3259,                0.63161,                0.79794,                0.73817,                0.50158,                0.39107,                0.38428,                 0.2596,                0.05492,                 1.1666,                 5.3549,                0.18465,                 1.0153,                 1.5206,              0.0003367,              0.0003367,              0.0003367
                     69,                 1.0711,                 4.6871,                0.39602,                0.96454,                 1.3154,                0.71291,                0.74969,                0.76665,                0.53058,                0.40117,                0.44328,                0.27748,                0.06148,                 1.1592,                 5.2233,                0.18634,                0.99509,                 1.5086,              0.0003268,              0.0003268,              0.0003268
                     70,                 1.0511,                 4.6574,                0.38888,                0.96473,                  1.309,                0.75842,                0.71017,                0.78364,                0.52428,                0.42899,                0.42037,                0.29742,                 0.0626,                  1.181,                  5.153,                0.18598,                0.98695,                 1.5371,              0.0003169,              0.0003169,              0.0003169
                     71,                 1.0602,                 4.7059,                0.38394,                0.96841,                 1.3182,                0.68351,                0.76337,                0.78143,                0.53348,                0.42938,                0.40893,                0.29092,                0.05905,                 1.1534,                 5.2386,                0.18673,                0.94869,                 1.5006,               0.000307,               0.000307,               0.000307
                     72,                 1.0497,                 4.5747,                0.38944,                0.96357,                 1.3163,                0.71944,                0.78115,                0.79241,                0.53627,                0.38807,                0.44005,                0.28189,                0.05922,                 1.1727,                 5.1962,                0.18233,                0.97444,                 1.5191,              0.0002971,              0.0002971,              0.0002971
                     73,                 1.0629,                 4.6521,                0.39196,                0.97367,                 1.3235,                0.67536,                0.78166,                0.76412,                0.51331,                0.39065,                0.39888,                0.26583,                0.05772,                 1.1839,                 5.3399,                  0.185,                 1.0065,                 1.5208,              0.0002872,              0.0002872,              0.0002872
                     74,                 1.0634,                 4.5818,                0.38496,                0.97106,                 1.3149,                0.73441,                0.73746,                0.76945,                0.51305,                0.44231,                0.44737,                 0.3035,                0.06291,                 1.1927,                 5.2642,                0.18185,                 1.0119,                 1.5419,              0.0002773,              0.0002773,              0.0002773
                     75,                 1.0231,                 4.5404,                0.39387,                0.92278,                  1.291,                0.74185,                0.75322,                0.78597,                0.52239,                0.39199,                 0.4371,                 0.2856,                0.06421,                 1.1842,                 5.2274,                0.18071,                0.98555,                 1.5244,              0.0002674,              0.0002674,              0.0002674
                     76,                 1.0561,                 4.6219,                0.38519,                0.96007,                 1.3112,                0.73575,                 0.7858,                0.79514,                0.54332,                0.45912,                0.49952,                0.35197,                0.07495,                 1.1692,                 5.1106,                 0.1796,                0.90994,                 1.5144,              0.0002575,              0.0002575,              0.0002575
                     77,                 1.0405,                 4.6265,                0.39058,                0.95043,                 1.3043,                0.73978,                0.74421,                0.76165,                0.51272,                0.42161,                0.45106,                0.29882,                0.06493,                 1.1712,                 5.2576,                0.18256,                0.97713,                 1.5209,              0.0002476,              0.0002476,              0.0002476
                     78,                 1.0464,                  4.574,                0.39414,                0.94642,                 1.3111,                0.70257,                0.76573,                0.77985,                0.52993,                 0.4352,                0.45627,                0.31702,                  0.068,                 1.1703,                 5.1795,                0.18684,                0.93182,                 1.5172,              0.0002377,              0.0002377,              0.0002377
                     79,                 1.0206,                 4.5091,                0.38284,                0.88979,                 1.2864,                0.71018,                0.83456,                0.79517,                0.52945,                0.48851,                0.47867,                0.36564,                0.07333,                 1.1691,                 5.0946,                0.18592,                0.92362,                 1.5278,              0.0002278,              0.0002278,              0.0002278
                     80,                 1.0429,                 4.5498,                0.39153,                0.91394,                 1.3055,                0.72577,                 0.7494,                0.76298,                0.50895,                0.44961,                0.45613,                0.32583,                 0.0741,                 1.1698,                 5.1896,                 0.1811,                 1.0148,                 1.5155,              0.0002179,              0.0002179,              0.0002179
                     81,                 1.0381,                 4.5695,                0.38405,                0.92263,                 1.3058,                0.75428,                0.72441,                0.77584,                0.52626,                0.44509,                0.46452,                0.33838,                0.07497,                 1.1665,                 5.1705,                0.18027,                 1.0331,                 1.5076,               0.000208,               0.000208,               0.000208
                     82,                 1.0295,                 4.5103,                0.38848,                0.91049,                 1.3017,                 0.7495,                0.78033,                0.81375,                 0.5389,                0.46076,                0.48953,                0.36459,                0.07831,                 1.1787,                 5.1369,                0.18116,                0.92704,                 1.5317,              0.0001981,              0.0001981,              0.0001981
                     83,                 1.0362,                 4.3591,                0.38524,                0.94648,                 1.3029,                0.75874,                0.76039,                0.79485,                0.53434,                0.48128,                0.48919,                0.37491,                0.07471,                 1.1694,                 5.1446,                0.17809,                0.95492,                  1.518,              0.0001882,              0.0001882,              0.0001882
                     84,                 1.0123,                 4.4195,                0.38257,                0.90188,                 1.2816,                0.77497,                0.79969,                0.82631,                0.55528,                0.47115,                0.49905,                0.36317,                0.07793,                 1.1628,                 4.9877,                0.17738,                0.88475,                 1.5078,              0.0001783,              0.0001783,              0.0001783
                     85,                 1.0237,                 4.4734,                0.37265,                0.88873,                 1.3019,                0.70542,                0.81019,                0.79855,                0.53988,                0.50451,                0.47821,                0.36401,                0.08005,                 1.1645,                   5.04,                0.18437,                0.94394,                 1.5131,              0.0001684,              0.0001684,              0.0001684
                     86,                 1.0138,                 4.4507,                0.38345,                0.89339,                 1.2755,                0.73061,                0.77645,                0.77744,                0.52054,                0.46041,                0.50205,                0.35438,                0.07398,                  1.165,                  5.149,                0.18426,                0.99622,                 1.5111,              0.0001585,              0.0001585,              0.0001585
                     87,                 1.0016,                 4.4158,                0.37987,                0.90711,                 1.2767,                0.74758,                0.74906,                0.78034,                0.51973,                0.47554,                0.49279,                0.35962,                0.07902,                 1.1616,                 5.1309,                0.18127,                0.98724,                 1.5097,              0.0001486,              0.0001486,              0.0001486
                     88,                0.99312,                 4.3606,                0.38562,                0.88226,                 1.2695,                0.73916,                0.78417,                0.80671,                0.54241,                0.46528,                0.51108,                0.36512,                0.08041,                 1.1564,                 5.1203,                0.17829,                0.91987,                 1.5044,              0.0001387,              0.0001387,              0.0001387
                     89,                 1.0092,                 4.3817,                0.38422,                0.88867,                 1.2884,                 0.7294,                0.76366,                0.78316,                0.51708,                0.45577,                0.49686,                0.37652,                 0.0828,                 1.1713,                 5.0893,                0.17613,                0.98986,                 1.5141,              0.0001288,              0.0001288,              0.0001288
                     90,                0.99598,                 4.3487,                 0.3782,                0.87447,                 1.2748,                0.69544,                0.81148,                 0.8006,                0.54019,                0.45205,                0.48192,                0.36312,                0.07991,                 1.1624,                 5.0617,                0.17663,                 0.9547,                 1.5133,              0.0001189,              0.0001189,              0.0001189
                     91,                0.88518,                 4.3817,                0.23695,                0.56569,                 1.2834,                0.77846,                0.79249,                0.80764,                0.54201,                0.47889,                0.49541,                0.34404,                0.07316,                 1.1725,                 5.0395,                0.17126,                0.91399,                 1.5144,               0.000109,               0.000109,               0.000109
                     92,                0.86243,                 4.3472,                0.23923,                 0.5272,                 1.2613,                0.77051,                0.73679,                0.78685,                0.52362,                0.45466,                0.49593,                 0.3644,                0.08266,                 1.1609,                 5.0381,                 0.1704,                0.95787,                 1.5057,               9.91e-05,               9.91e-05,               9.91e-05
                     93,                0.87342,                 4.3194,                0.23426,                0.52061,                 1.2823,                0.74946,                0.79327,                0.80529,                 0.5418,                0.47165,                0.50087,                0.37693,                0.08635,                 1.1542,                 5.0203,                0.16897,                0.93279,                 1.4953,               8.92e-05,               8.92e-05,               8.92e-05
                     94,                0.84837,                 4.2702,                 0.2336,                0.51543,                 1.2534,                0.74774,                0.74232,                0.77692,                0.52056,                0.48945,                0.42801,                0.33519,                0.08164,                 1.1525,                 5.1098,                0.16678,                0.99672,                  1.501,               7.93e-05,               7.93e-05,               7.93e-05
                     95,                0.83667,                 4.2775,                0.23082,                 0.5042,                 1.2387,                  0.787,                0.75662,                0.81107,                0.54962,                 0.4856,                0.48333,                0.37298,                0.08879,                 1.1494,                 5.0052,                0.16733,                0.90485,                 1.5105,               6.94e-05,               6.94e-05,               6.94e-05
                     96,                0.83609,                 4.2536,                0.22838,                0.48888,                 1.2441,                 0.7948,                 0.7467,                0.80353,                0.54701,                0.50165,                0.48475,                0.37288,                0.08675,                 1.1394,                 5.0336,                0.16566,                0.91809,                 1.5007,               5.95e-05,               5.95e-05,               5.95e-05
                     97,                0.84088,                 4.2649,                0.23763,                0.49271,                 1.2528,                0.77449,                0.75254,                0.80093,                 0.5423,                0.49833,                0.49302,                0.38997,                0.09002,                 1.1408,                 5.0479,                0.16731,                0.94678,                 1.4996,               4.96e-05,               4.96e-05,               4.96e-05
                     98,                0.82441,                 4.2535,                0.22526,                0.48886,                 1.2447,                0.79237,                0.74192,                0.80969,                0.54752,                0.51289,                0.48817,                0.38173,                0.09166,                 1.1512,                 5.0097,                0.16677,                0.92857,                 1.5016,               3.97e-05,               3.97e-05,               3.97e-05
                     99,                0.81539,                 4.2349,                0.22875,                0.48001,                 1.2343,                0.71979,                0.79979,                0.80902,                0.54674,                0.51884,                0.49343,                0.38884,                0.09208,                 1.1427,                 5.0235,                 0.1656,                0.94982,                 1.4978,               2.98e-05,               2.98e-05,               2.98e-05
                    100,                0.81204,                 4.2156,                0.23403,                0.47787,                 1.2308,                0.80284,                 0.7365,                0.81258,                0.55318,                0.52447,                0.48925,                0.38534,                0.09128,                 1.1456,                 5.0263,                0.16654,                0.93573,                 1.5031,               1.99e-05,               1.99e-05,               1.99e-05
